id;username;full_name;sortable_name;avatar_image_url;phone;locale;gender;user_type;user_status
1;slowly boldly how;because blaspheme allocation;of steel gadzooks;extremely rectify cultivated;1-212-286-3457 x551;specific juvenile physically;considering rarely;TEACHER;ACTIVE
2;as likewise;judgementally furthermore er;obvious yuck around;positive;709-595-3240 x3129;set primary weary;yum however;STUDENT;PENDING
3;fooey the;thin provided;between;lest;1-605-779-6201;that lawful along;than;TEACHER;BLOCKED
4;underneath queasy;briefly;part ideal;welcome brightly heavily;(622) 336-9093 x709;mid swing difficult;chuck versus beside;STUDENT;PENDING
5;um muddy as;an jubilantly via;how frankly;once drat;1-881-899-6528;assured;more forewarn aboard;STUDENT;BLOCKED
6;uselessly upon pace;hmph;hm once afore;coalition plummet round;(458) 851-6407 x49852;atop;verbalize labor irresponsible;STUDENT;ACTIVE
7;before supposing yum;incidentally onto;bravely;whenever fully;1-402-278-3580 x85714;whoa retain;clue;TEACHER;BLOCKED
8;storyboard tension;ick urge er;flickering whoa;scholarly towards;1-846-633-7245 x8836;yellowish;hearing;STUDENT;BLOCKED
9;tugboat;huzzah rightfully spur;phooey well-lit lam;foretell scale reassess;788-950-4691 x763;submissive yippee piercing;text;STUDENT;ACTIVE
10;mid violation;than aside;yet;focused;(821) 800-8885 x67277;regarding;but though;STUDENT;PENDING
