id;title;content;attachment_id;delay_post;post_at;published
1;man whether psst;frantically;30734;true;2024-05-19T23:16:36;false
2;disloyal so;affect pace spry;17522;true;2024-05-19T16:12:21;true
3;whereas powerfully proper;dissonance mmm soul;3949;true;2024-05-20T02:37:14;false
4;besides;bah;15568;true;2024-05-20T12:27:16;false
5;fatally loyally till;out;6284;true;2024-05-20T05:24:24;false
6;honorable prize;probate unethically lovingly;18950;false;2024-05-20T02:16:52;false
7;abbreviation;now urgently;14272;false;2024-05-19T15:18:28;false
8;exactly;judgementally;15394;true;2024-05-20T02:45:17;false
9;ravage sharply eek;once stomach bathroom;5843;false;2024-05-19T17:01:07;false
10;armpit;barge down season;13085;false;2024-05-20T12:17:15;false
