id;first_name;last_name;middle_name;gender;birthdate;phone_number;email;passport_number;jshshir;is_active;nationality;country;city;region;address_line;position;academic_degree;academic_title
1;Rosalinda;Stoltenberg;familiarity closure ah;MALE;standard;separately;Jeromy12@yahoo.com;divalent well;webbed what inside;false;pile;Armenia;Vidalmouth;summary;nor very;ASSISTENT;ILMIY_DARAJASIZ;DOTSENT
2;Romaine;White;likewise because cruelly;MALE;stamp;owlishly while babble;Lizeth_Hartmann80@yahoo.com;up mosquito;drench;true;blah oh;Bulgaria;Schmittburgh;courageous;calmly supposing;ASSISTENT;ILMIY_DARAJASIZ;ILMIY_UNVONSIZ
3;Sammie;Ebert;so nearly than;MALE;rehabilitate;salve;Hilton67@yahoo.com;plunge steeple disloyal;yawningly yet;false;above yowza broadly;Anguilla;Loyboro;promise unless;ack aggressive how;KATTA_OQITUVCHI;ILMIY_DARAJASIZ;PROFESSOR
4;Opal;Keebler;ferociously forgather;MALE;if positively which;filthy unknown;Maryse.Streich@yahoo.com;a ick;since beyond;true;whoever than barring;Portugal;West New York;next;announcement;KATTA_OQITUVCHI;PHD;DOTSENT
5;Glenna;Hansen;pish underneath splash;FEMALE;why aside between;wordy loftily whimsical;Justen.Quigley49@hotmail.com;high text ferment;next kingfish shakily;false;upset immediately ouch;Guernsey;Port Vern;kindly;gee;ASSISTENT;FAN_DOCTORI;PROFESSOR
6;Jackie;Runolfsson;liquidize while royal;MALE;except clearly naturalise;lined whose modulo;Khalil.Gerhold81@gmail.com;uh-huh aw;attentive yowza;false;who pesky;Qatar;O'Connerbury;deep;highly grandiose derail;KATTA_OQITUVCHI;PHD;ILMIY_UNVONSIZ
7;Leonardo;Bahringer;deficit;FEMALE;kitsch before cliff;hm boohoo;Kyle.Ruecker@gmail.com;oof very;tattered if really;true;woot;Antarctica;Cincinnati;hedge blog;noisily;PROFESSOR;FAN_DOCTORI;ILMIY_UNVONSIZ
8;Gus;Orn;nor wicked over;FEMALE;oh terrible title;thoughtfully yowza;Sylvan11@yahoo.com;loftily ack blank;zowie;false;beneath hoof;Indonesia;West Carroll;clap bust;what;DOTSENT;ILMIY_DARAJASIZ;DOTSENT
9;Alexandro;Dibbert;operate;MALE;and offensively fooey;than;Lilla97@hotmail.com;darling eek till;interestingly yellow defrag;false;boo but;Slovakia;Port Heidiboro;why half phew;loudly limply powerless;PROFESSOR;PHD;PROFESSOR
10;Tatyana;Green-Heidenreich;athwart;FEMALE;when precis honestly;pish scratchy likewise;Jalon18@hotmail.com;boo who;common duh than;true;faze advise;Uruguay;South Magali;exclamation;that courageously round;ASSISTENT;ILMIY_DARAJASIZ;PROFESSOR
